Designator,Val,Package,Mid X,Mid Y,Rotation,Layer
C18,100n_50V,C_0402_1005Metric,416.4,-46.37,-90,bottom
C23,1u_50V,C_0805_2012Metric,379.8,-51,0,bottom
C49,100n_50V,C_0402_1005Metric,214.38,-42.6,180,bottom
C50,1u_50V,C_0805_2012Metric,215.2,-46.4,0,bottom
C56,100n_50V,C_0402_1005Metric,121.057,-44.735,180,bottom
C57,22n_50V,C_0402_1005Metric,120.876,-36.5,180,bottom
C59,100n_50V,C_0402_1005Metric,122.301,-36.957,-90,bottom
C60,100n_50V,C_0402_1005Metric,123.315,-44.735,0,bottom
C61,100n_50V,C_0402_1005Metric,117.247,-43.239,-90,bottom
C62,100n_50V,C_0402_1005Metric,117.247,-38.921,90,bottom
D3,White,LED_0603_1608Metric,36.1775,-59,-90,bottom
D4,White,LED_0603_1608Metric,40.4725,-59,90,bottom
D5,White,LED_0603_1608Metric,44.7675,-59,-90,bottom
D6,White,LED_0603_1608Metric,49.0625,-59,90,bottom
D7,White,LED_0603_1608Metric,53.3575,-59,-90,bottom
D8,White,LED_0603_1608Metric,57.6525,-59,90,bottom
D9,White,LED_0603_1608Metric,61.25,-59,-90,bottom
D10,White,LED_0603_1608Metric,66.2425,-59,90,bottom
D11,White,LED_0603_1608Metric,36.1775,-52,-90,bottom
D12,White,LED_0603_1608Metric,40.4725,-52,90,bottom
D13,White,LED_0603_1608Metric,44.7675,-52,-90,bottom
D14,White,LED_0603_1608Metric,49.0625,-52,90,bottom
D15,White,LED_0603_1608Metric,53.3575,-52,-90,bottom
D16,White,LED_0603_1608Metric,57.6525,-52,90,bottom
D17,White,LED_0603_1608Metric,61.9475,-52,-90,bottom
D18,White,LED_0603_1608Metric,66.2425,-52,90,bottom
D19,White,LED_0603_1608Metric,87.2675,-66,-90,bottom
D20,White,LED_0603_1608Metric,91.5625,-66,90,bottom
D21,White,LED_0603_1608Metric,95.8575,-66,-90,bottom
D22,White,LED_0603_1608Metric,100.1525,-66,90,bottom
D23,White,LED_0603_1608Metric,104.4475,-66,-90,bottom
D24,White,LED_0603_1608Metric,108.7425,-66,90,bottom
D25,White,LED_0603_1608Metric,113.0375,-66,-90,bottom
D26,White,LED_0603_1608Metric,117.3325,-66,90,bottom
D28,White,LED_0603_1608Metric,36.1775,-66,-90,bottom
D29,White,LED_0603_1608Metric,40.4725,-66,90,bottom
D30,White,LED_0603_1608Metric,44.7675,-66,-90,bottom
D31,White,LED_0603_1608Metric,49.0625,-66,90,bottom
D32,White,LED_0603_1608Metric,53.3575,-66,-90,bottom
D33,White,LED_0603_1608Metric,57.6525,-66,90,bottom
D34,White,LED_0603_1608Metric,61.9475,-66,-90,bottom
D35,White,LED_0603_1608Metric,66.2425,-66,90,bottom
D36,White,LED_0603_1608Metric,87.2675,-59,-90,bottom
D37,White,LED_0603_1608Metric,91.5625,-59,90,bottom
D38,White,LED_0603_1608Metric,95.8575,-59,-90,bottom
D39,White,LED_0603_1608Metric,100.1525,-59,90,bottom
D40,White,LED_0603_1608Metric,104.4475,-59,-90,bottom
D41,White,LED_0603_1608Metric,108.7425,-59,90,bottom
D42,White,LED_0603_1608Metric,113.0375,-59,-90,bottom
D43,White,LED_0603_1608Metric,117.3325,-59,90,bottom
D44,White,LED_0603_1608Metric,87.2675,-52,-90,bottom
D45,White,LED_0603_1608Metric,91.5625,-52,90,bottom
D46,White,LED_0603_1608Metric,95.8575,-52,-90,bottom
D47,White,LED_0603_1608Metric,100.1525,-52,90,bottom
D48,White,LED_0603_1608Metric,104.4475,-52,-90,bottom
D49,White,LED_0603_1608Metric,108.7425,-52,90,bottom
D50,White,LED_0603_1608Metric,113.0375,-52,-90,bottom
D51,White,LED_0603_1608Metric,117.3325,-52,90,bottom
D52,White,LED_0603_1608Metric,138.3575,-66,-90,bottom
D53,White,LED_0603_1608Metric,142.6525,-66,90,bottom
D54,White,LED_0603_1608Metric,146.9475,-66,-90,bottom
D55,White,LED_0603_1608Metric,151.2425,-66,90,bottom
D56,White,LED_0603_1608Metric,155.5375,-66,-90,bottom
D57,White,LED_0603_1608Metric,159.8325,-66,90,bottom
D58,White,LED_0603_1608Metric,164.1275,-66,-90,bottom
D59,White,LED_0603_1608Metric,168.4225,-66,90,bottom
D60,White,LED_0603_1608Metric,138.3575,-59,-90,bottom
D61,White,LED_0603_1608Metric,142.6525,-59,90,bottom
D62,White,LED_0603_1608Metric,146.9475,-59,-90,bottom
D63,White,LED_0603_1608Metric,151.2425,-59,90,bottom
D64,White,LED_0603_1608Metric,155.5375,-59,-90,bottom
D65,White,LED_0603_1608Metric,159.8325,-59,90,bottom
D66,White,LED_0603_1608Metric,164.1275,-59,-90,bottom
D67,White,LED_0603_1608Metric,168.4225,-59,90,bottom
D68,White,LED_0603_1608Metric,138.3575,-52,-90,bottom
D69,White,LED_0603_1608Metric,142.6525,-52,90,bottom
D70,White,LED_0603_1608Metric,146.9475,-52,-90,bottom
D71,White,LED_0603_1608Metric,151.2425,-52,90,bottom
D72,White,LED_0603_1608Metric,155.5375,-52,-90,bottom
D73,White,LED_0603_1608Metric,159.8325,-52,90,bottom
D74,White,LED_0603_1608Metric,164.1275,-52,-90,bottom
D75,White,LED_0603_1608Metric,168.4225,-52,90,bottom
D76,White,LED_0603_1608Metric,189.4475,-66,-90,bottom
D77,White,LED_0603_1608Metric,193.7425,-66,90,bottom
D78,White,LED_0603_1608Metric,198.0375,-66,-90,bottom
D79,White,LED_0603_1608Metric,202.3325,-66,90,bottom
D80,White,LED_0603_1608Metric,206.6275,-66,-90,bottom
D81,White,LED_0603_1608Metric,210.9225,-66,90,bottom
D82,White,LED_0603_1608Metric,215.2175,-66,-90,bottom
D83,White,LED_0603_1608Metric,219.5125,-66,90,bottom
D84,White,LED_0603_1608Metric,189.4475,-59,-90,bottom
D85,White,LED_0603_1608Metric,193.7425,-59,90,bottom
D86,White,LED_0603_1608Metric,198.0375,-59,-90,bottom
D87,White,LED_0603_1608Metric,202.3325,-59,90,bottom
D88,White,LED_0603_1608Metric,206.6275,-59,-90,bottom
D89,White,LED_0603_1608Metric,210.9225,-59,90,bottom
D90,White,LED_0603_1608Metric,215.2175,-59,-90,bottom
D91,White,LED_0603_1608Metric,219.5125,-59,90,bottom
D92,White,LED_0603_1608Metric,189.4475,-52,-90,bottom
D93,White,LED_0603_1608Metric,193.7425,-52,90,bottom
D94,White,LED_0603_1608Metric,198.0375,-52,-90,bottom
D95,White,LED_0603_1608Metric,202.3325,-52,90,bottom
D96,White,LED_0603_1608Metric,206.6275,-52,-90,bottom
D97,White,LED_0603_1608Metric,210.9225,-52,90,bottom
D98,White,LED_0603_1608Metric,215.2175,-52,-90,bottom
D99,White,LED_0603_1608Metric,219.5125,-52,90,bottom
D100,White,LED_0603_1608Metric,270.6025,-66,90,bottom
D101,White,LED_0603_1608Metric,266.3075,-66,-90,bottom
D102,White,LED_0603_1608Metric,262.0125,-66,90,bottom
D103,White,LED_0603_1608Metric,257.7175,-66,-90,bottom
D104,White,LED_0603_1608Metric,253.4225,-66,90,bottom
D105,White,LED_0603_1608Metric,249.1275,-66,-90,bottom
D106,White,LED_0603_1608Metric,244.8325,-66,90,bottom
D107,White,LED_0603_1608Metric,240.5375,-66,-90,bottom
D108,White,LED_0603_1608Metric,270.6025,-59,90,bottom
D109,White,LED_0603_1608Metric,266.3075,-59,-90,bottom
D110,White,LED_0603_1608Metric,262.0125,-59,90,bottom
D111,White,LED_0603_1608Metric,257.71831,-59,-90,bottom
D112,White,LED_0603_1608Metric,253.4225,-59,90,bottom
D113,White,LED_0603_1608Metric,249.1275,-59,-90,bottom
D114,White,LED_0603_1608Metric,244.8325,-59,90,bottom
D115,White,LED_0603_1608Metric,240.5375,-59,-90,bottom
D116,White,LED_0603_1608Metric,270.6025,-52,90,bottom
D117,White,LED_0603_1608Metric,266.3075,-52,-90,bottom
D118,White,LED_0603_1608Metric,262.0125,-52,90,bottom
D119,White,LED_0603_1608Metric,257.7175,-52,-90,bottom
D120,White,LED_0603_1608Metric,253.4225,-52,90,bottom
D121,White,LED_0603_1608Metric,249.1275,-52,-90,bottom
D122,White,LED_0603_1608Metric,244.8325,-52,90,bottom
D123,White,LED_0603_1608Metric,240.5375,-52,-90,bottom
D124,White,LED_0603_1608Metric,321.6925,-66,90,bottom
D125,White,LED_0603_1608Metric,317.3975,-66,-90,bottom
D126,White,LED_0603_1608Metric,313.1025,-66,90,bottom
D127,White,LED_0603_1608Metric,308.8075,-66,-90,bottom
D128,White,LED_0603_1608Metric,304.5125,-66,90,bottom
D129,White,LED_0603_1608Metric,300.2175,-66,-90,bottom
D130,White,LED_0603_1608Metric,295.9225,-66,90,bottom
D131,White,LED_0603_1608Metric,291.6275,-66,-90,bottom
D132,White,LED_0603_1608Metric,321.6925,-59,90,bottom
D133,White,LED_0603_1608Metric,317.3975,-59,-90,bottom
D134,White,LED_0603_1608Metric,313.1025,-59,90,bottom
D135,White,LED_0603_1608Metric,308.8075,-59,-90,bottom
D136,White,LED_0603_1608Metric,304.5125,-59,90,bottom
D137,White,LED_0603_1608Metric,300.2175,-59,-90,bottom
D138,White,LED_0603_1608Metric,295.9225,-59,90,bottom
D139,White,LED_0603_1608Metric,291.6275,-59,-90,bottom
D140,White,LED_0603_1608Metric,321.6925,-52,90,bottom
D141,White,LED_0603_1608Metric,317.3975,-52,-90,bottom
D142,White,LED_0603_1608Metric,313.1025,-52,90,bottom
D143,White,LED_0603_1608Metric,308.8075,-52,-90,bottom
D144,White,LED_0603_1608Metric,304.5125,-52,90,bottom
D145,White,LED_0603_1608Metric,300.2175,-52,-90,bottom
D146,White,LED_0603_1608Metric,295.9225,-52,90,bottom
D147,White,LED_0603_1608Metric,291.6275,-52,-90,bottom
D148,White,LED_0603_1608Metric,372.7825,-66,90,bottom
D149,White,LED_0603_1608Metric,368.4875,-66,-90,bottom
D150,White,LED_0603_1608Metric,364.1925,-66,90,bottom
D151,White,LED_0603_1608Metric,359.8975,-66,-90,bottom
D152,White,LED_0603_1608Metric,355.6025,-66,90,bottom
D153,White,LED_0603_1608Metric,351.3075,-66,-90,bottom
D154,White,LED_0603_1608Metric,347.0125,-66,90,bottom
D155,White,LED_0603_1608Metric,342.7175,-66,-90,bottom
D156,White,LED_0603_1608Metric,372.7825,-59,90,bottom
D157,White,LED_0603_1608Metric,368.4875,-59,-90,bottom
D158,White,LED_0603_1608Metric,364.1925,-59,90,bottom
D159,White,LED_0603_1608Metric,359.8975,-59,-90,bottom
D160,White,LED_0603_1608Metric,355.6025,-59,90,bottom
D161,White,LED_0603_1608Metric,351.3075,-59,-90,bottom
D162,White,LED_0603_1608Metric,347.0125,-59,90,bottom
D163,White,LED_0603_1608Metric,342.7175,-59,-90,bottom
D164,White,LED_0603_1608Metric,372.7825,-52,90,bottom
D165,White,LED_0603_1608Metric,368.4875,-52,-90,bottom
D166,White,LED_0603_1608Metric,364.1925,-52,90,bottom
D167,White,LED_0603_1608Metric,359.8975,-52,-90,bottom
D168,White,LED_0603_1608Metric,355.6025,-52,90,bottom
D169,White,LED_0603_1608Metric,351.3075,-52,-90,bottom
D170,White,LED_0603_1608Metric,347.0125,-52,90,bottom
D171,White,LED_0603_1608Metric,342.7175,-52,-90,bottom
D172,White,LED_0603_1608Metric,423.8725,-66,90,bottom
D173,White,LED_0603_1608Metric,419.5775,-66,-90,bottom
D174,White,LED_0603_1608Metric,415.2825,-66,90,bottom
D175,White,LED_0603_1608Metric,410.9875,-66,-90,bottom
D176,White,LED_0603_1608Metric,406.6925,-66,90,bottom
D177,White,LED_0603_1608Metric,402.3975,-66,-90,bottom
D178,White,LED_0603_1608Metric,398.1025,-66,90,bottom
D179,White,LED_0603_1608Metric,393.8075,-66,-90,bottom
D180,White,LED_0603_1608Metric,423.8725,-59,90,bottom
D181,White,LED_0603_1608Metric,419.5775,-59,-90,bottom
D182,White,LED_0603_1608Metric,415.2825,-59,90,bottom
D183,White,LED_0603_1608Metric,410.9875,-59,-90,bottom
D184,White,LED_0603_1608Metric,406.6925,-59,90,bottom
D185,White,LED_0603_1608Metric,402.3975,-59,-90,bottom
D186,White,LED_0603_1608Metric,398.1025,-59,90,bottom
D187,White,LED_0603_1608Metric,393.8075,-59,-90,bottom
D188,White,LED_0603_1608Metric,423.8725,-52,90,bottom
D189,White,LED_0603_1608Metric,419.5775,-52,-90,bottom
D190,White,LED_0603_1608Metric,415.2825,-52,90,bottom
D191,White,LED_0603_1608Metric,410.9875,-52,-90,bottom
D192,White,LED_0603_1608Metric,406.6925,-52,90,bottom
D193,White,LED_0603_1608Metric,402.3975,-52,-90,bottom
D194,White,LED_0603_1608Metric,398.1025,-52,90,bottom
D195,White,LED_0603_1608Metric,393.8075,-52,-90,bottom
R1,10K,R_0402_1005Metric,213.81,-40.9,180,bottom
R3,330,R_0402_1005Metric,173.7,-52.5,-90,bottom
R17,10,R_0603_1608Metric,30.8,-64.5,0,bottom
R18,10,R_0603_1608Metric,32.4,-62.9,0,bottom
R19,10,R_0603_1608Metric,35.5,-62.9,0,bottom
R20,10,R_0603_1608Metric,36.5,-61.3,0,bottom
R21,10,R_0603_1608Metric,32.6,-59.7,90,bottom
R22,10,R_0603_1608Metric,32.6,-56.625,90,bottom
R23,10,R_0603_1608Metric,33.79,-54.32,0,bottom
R24,10,R_0603_1608Metric,36.84,-54.31,0,bottom
R25,10,R_0603_1608Metric,75.625,-66.8,0,bottom
R26,10,R_0603_1608Metric,78.725,-66.8,0,bottom
R27,10,R_0603_1608Metric,81.8,-66.8,0,bottom
R28,10,R_0603_1608Metric,84.925,-66.8,0,bottom
R29,0,R_0603_1608Metric,411.4,-40.1,0,bottom
R30,0,R_0603_1608Metric,413.7,-39.6,-90,bottom
R33,22K,R_0402_1005Metric,417.21,-49.4,180,bottom
R34,100,R_0402_1005Metric,415.21,-49.4,180,bottom
R35,47K,R_0402_1005Metric,415.19,-48.3,0,bottom
R36,470,R_0402_1005Metric,417.21,-48.3,0,bottom
R37,1K,R_0402_1005Metric,413.7,-48.79,-90,bottom
R40,10K,R_0402_1005Metric,412.7,-48.79,-90,bottom
R50,100,R_0402_1005Metric,60.057,-30.734,90,bottom
R51,10K,R_0402_1005Metric,61.2,-30.732,-90,bottom
R110,2K2,R_0402_1005Metric,214.6,-44.8,0,bottom
R111,220,R_0402_1005Metric,216.61,-44.8,0,bottom
R115,10,R_0603_1608Metric,27.625,-65.2,180,bottom
R116,10,R_0603_1608Metric,27.6,-66.8,0,bottom
R117,10,R_0603_1608Metric,30.7,-66.8,0,bottom
R118,10,R_0603_1608Metric,33.8,-66.8,0,bottom
R121,10,R_0603_1608Metric,81.7,-64.5,0,bottom
R122,10,R_0603_1608Metric,83.4,-62.9,0,bottom
R123,10,R_0603_1608Metric,84.815,-61.32,0,bottom
R124,10,R_0603_1608Metric,87.875,-61.31,0,bottom
R125,10,R_0603_1608Metric,89.475,-54.29,180,bottom
R126,10,R_0603_1608Metric,86.42,-54.3,180,bottom
R127,10,R_0603_1608Metric,84.1,-51.975,90,bottom
R128,10,R_0603_1608Metric,85.7,-52,-90,bottom
R129,10,R_0603_1608Metric,126.775,-66.8,0,bottom
R130,10,R_0603_1608Metric,129.85,-66.8,0,bottom
R131,10,R_0603_1608Metric,132.875,-66.8,0,bottom
R132,10,R_0603_1608Metric,135.95,-66.8,0,bottom
R133,10,R_0603_1608Metric,134.9,-62.1,0,bottom
R134,10,R_0603_1608Metric,135.1,-59.8,90,bottom
R135,10,R_0603_1608Metric,136.75,-59.8,-90,bottom
R136,10,R_0603_1608Metric,139.1,-61.3,0,bottom
R137,10,R_0603_1608Metric,135.875,-57.48,0,bottom
R138,10,R_0603_1608Metric,135.885,-55.94,180,bottom
R139,10,R_0603_1608Metric,135.865,-54.3,0,bottom
R140,10,R_0603_1608Metric,138.92,-54.29,0,bottom
R141,10,R_0603_1608Metric,180.925,-66.8,0,bottom
R142,10,R_0603_1608Metric,184,-66.8,0,bottom
R143,10,R_0603_1608Metric,186.3,-66,90,bottom
R144,10,R_0603_1608Metric,187.9,-66,-90,bottom
R145,10,R_0603_1608Metric,183.8,-64.5,0,bottom
R146,10,R_0603_1608Metric,185.875,-62.9,0,bottom
R147,10,R_0603_1608Metric,186.955,-61.3,0,bottom
R148,10,R_0603_1608Metric,190.005,-61.3,0,bottom
R149,10,R_0603_1608Metric,185.575,-58.9,0,bottom
R150,10,R_0603_1608Metric,185.7,-56.525,90,bottom
R151,10,R_0603_1608Metric,185.99,-54.26,0,bottom
R152,10,R_0603_1608Metric,189.175,-54.3,0,bottom
R153,10,R_0603_1608Metric,277,-66,-90,bottom
R154,10,R_0603_1608Metric,275.4,-66,90,bottom
R155,10,R_0603_1608Metric,273.8,-65.97,-90,bottom
R156,10,R_0603_1608Metric,272.2,-65.975,90,bottom
R157,10,R_0603_1608Metric,274,-62.3,-90,bottom
R158,10,R_0603_1608Metric,271.465,-63,180,bottom
R159,10,R_0603_1608Metric,271.45,-61.4,0,bottom
R160,10,R_0603_1608Metric,272.19,-59.035,90,bottom
R161,10,R_0603_1608Metric,274.5,-55.9,180,bottom
R162,10,R_0603_1608Metric,274.575,-54.3,0,bottom
R163,10,R_0603_1608Metric,274.625,-52.7,180,bottom
R164,10,R_0603_1608Metric,272.21,-52.02,90,bottom
R165,10,R_0603_1608Metric,326.7,-62.2,-90,bottom
R166,10,R_0603_1608Metric,326.7,-65.225,-90,bottom
R167,10,R_0603_1608Metric,325,-66,-90,bottom
R168,10,R_0603_1608Metric,323.27,-66.01,90,bottom
R169,10,R_0603_1608Metric,325.12,-62.2,-90,bottom
R170,10,R_0603_1608Metric,322.53,-62.96,180,bottom
R171,10,R_0603_1608Metric,322.54,-61.4,0,bottom
R172,10,R_0603_1608Metric,323.26,-59.01,90,bottom
R173,10,R_0603_1608Metric,323.29,-55.08,90,bottom
R174,10,R_0603_1608Metric,325.691,-54.356,0,bottom
R175,10,R_0603_1608Metric,325.691,-52.705,180,bottom
R176,10,R_0603_1608Metric,323.29,-52.01,90,bottom
R177,10,R_0603_1608Metric,377.698,-64.326,-90,bottom
R178,10,R_0603_1608Metric,376.047,-65.976,-90,bottom
R179,10,R_0603_1608Metric,375.29,-68.3,180,bottom
R180,10,R_0603_1608Metric,374.396,-65.976,90,bottom
R181,10,R_0603_1608Metric,376.047,-62.421,-90,bottom
R182,10,R_0603_1608Metric,373.634,-63.119,180,bottom
R183,10,R_0603_1608Metric,373.634,-61.468,0,bottom
R184,10,R_0603_1608Metric,374.38,-59.01,90,bottom
R185,10,R_0603_1608Metric,374.396,-55.118,90,bottom
R186,10,R_0603_1608Metric,376.746,-54.483,0,bottom
R187,10,R_0603_1608Metric,376.745,-52.832,180,bottom
R188,10,R_0603_1608Metric,374.396,-52.006,90,bottom
R189,10,R_0603_1608Metric,426.529,-63.627,0,bottom
R190,10,R_0603_1608Metric,427.228,-65.977,-90,bottom
R191,10,R_0603_1608Metric,426.276,-68.326,180,bottom
R192,10,R_0603_1608Metric,425.46,-65.99,90,bottom
R193,10,R_0603_1608Metric,425.577,-61.277,90,bottom
R194,10,R_0603_1608Metric,427.101,-60.134,90,bottom
R195,10,R_0603_1608Metric,427.101,-57.086,90,bottom
R196,10,R_0603_1608Metric,425.45,-57.087,-90,bottom
R197,10,R_0603_1608Metric,420.7,-55.925,90,bottom
R198,10,R_0603_1608Metric,422.3,-55.025,90,bottom
R199,10,R_0603_1608Metric,424.6,-54.3,0,bottom
R200,10,R_0603_1608Metric,425.5,-52,90,bottom
R204,100K,R_0402_1005Metric,119.38,-36.861,90,bottom
R206,330m,R_1210_3225Metric,114.961,-43.8,-90,bottom
R207,330m,R_1210_3225Metric,114.961,-38.3,90,bottom
U1,PESD2CANFD24L-TR,SOT23,73.32,-47.5,0,bottom
U5,CP2102N-A02-GQFN28R,QFN-28-1EP_5x5mm_P0.5mm_EP3.35x3.35mm,412.75,-44.6,180,bottom
U7,LP5030RJVR,VQFN-46-1EP_5x6mm_P0.4mm_EP2.8x3.8mm,209.1,-43.4,90,bottom
U11,TMC2209-LA,QFN-28-1EP_5x5mm_P0.5mm_EP3.1x3.1mm_ThermalVias,120.938,-41.052,-90,bottom
C1,100uF_80V,CP_Elec_12.5x13.5,170.09,-34.5,0,top
C2,10uF_25V,C_0603_1608Metric,130.175,-50.292,-90,top
C3,10uF_25V,C_0603_1608Metric,136.271,-46.482,0,top
C4,4u7_50V,C_1206_3216Metric,94.7,-47.2,90,top
C5,4u7_50V,C_1206_3216Metric,97.1,-50.4,-90,top
C6,4u7_50V,C_1206_3216Metric,94.7,-51.9,-90,top
C7,100n_50V,C_0402_1005Metric,106.426,-45.819,90,top
C8,220nF_50V,C_0805_2012Metric,97.282,-46.294,90,top
C9,22uF_25V,C_1206_3216Metric,122.555,-46.355,90,top
C10,22uF_25V,C_1206_3216Metric,124.968,-46.355,90,top
C11,1u_50V,C_0805_2012Metric,106.934,-48.895,-90,top
C12,22uF_25V,C_1206_3216Metric,127.381,-46.355,90,top
C13,22uF_25V,C_1206_3216Metric,129.794,-46.355,90,top
C14,10uF_25V,C_0603_1608Metric,352,-59.1,-90,top
C15,100n_50V,C_0402_1005Metric,350.7,-58.9,90,top
C16,100n_50V,C_0402_1005Metric,341.7,-56.7,180,top
C17,100n_50V,C_0402_1005Metric,370.3,-34.12,-90,top
C19,100n_50V,C_0402_1005Metric,422.6,-49.88,-90,top
C20,100n_50V,C_0402_1005Metric,385.3,-47.4,-90,top
C21,4u7_50V,C_1206_3216Metric,417,-47.45,-90,top
C22,100n_50V,C_0402_1005Metric,419.32,-47.8,0,top
C24,100n_50V,C_0402_1005Metric,378.61,-55.14,-90,top
C25,22uF_25V,C_1206_3216Metric,380.28,-53.3,90,top
C26,22uF_25V,C_1206_3216Metric,69.685,-21.521,0,top
C27,22uF_25V,C_1206_3216Metric,54.151,-29.718,180,top
C28,22uF_25V,C_1206_3216Metric,120.9905,-21.579,0,top
C29,22uF_25V,C_1206_3216Metric,101.727,-40.767,180,top
C30,100n_50V,C_0402_1005Metric,22.761,-33.782,180,top
C31,22uF_25V,C_1206_3216Metric,171.7,-21.81,0,top
C32,22uF_25V,C_1206_3216Metric,153.4,-40.75,0,top
C33,22uF_25V,C_1206_3216Metric,221,-29.9,90,top
C34,22uF_25V,C_1206_3216Metric,207.5,-29.775,180,top
C35,22uF_25V,C_1206_3216Metric,271.075,-31.025,180,top
C36,22uF_25V,C_1206_3216Metric,258.925,-29.725,180,top
C37,22uF_25V,C_1206_3216Metric,321.775,-31.7,180,top
C38,22uF_25V,C_1206_3216Metric,309.925,-29.7,180,top
C39,22uF_25V,C_1206_3216Metric,377.1,-23.3,90,top
C40,22uF_25V,C_1206_3216Metric,367.5,-28.3,0,top
C41,22uF_25V,C_1206_3216Metric,424.2,-29,90,top
C42,22uF_25V,C_1206_3216Metric,412.1,-29.7,180,top
C43,100n_50V,C_0402_1005Metric,72.8,-31.1,180,top
C44,100n_50V,C_0402_1005Metric,126.083,-26.797,0,top
C45,100n_50V,C_0402_1005Metric,177.1,-27,0,top
C46,100n_50V,C_0402_1005Metric,226,-29.225,0,top
C47,100n_50V,C_0402_1005Metric,277.08,-29.2,0,top
C48,10uF_25V,C_0603_1608Metric,214.8,-42.7,0,top
C51,100n_50V,C_0402_1005Metric,328.22,-29.1,0,top
C52,100n_50V,C_0402_1005Metric,381.3,-31.2,0,top
C53,100n_50V,C_0402_1005Metric,310.285,-48.646,90,top
C54,100n_50V,C_0402_1005Metric,293.21,-55.656,90,top
C55,100n_50V,C_0402_1005Metric,162.6,-56.2,90,top
C58,4u7_50V,C_1206_3216Metric,126.619,-41.656,-90,top
C63,100uF_80V,CP_Elec_12.5x13.5,119.126,-34.5,0,top
C64,100n_50V,C_0402_1005Metric,236.982,-64.008,-90,top
C65,100n_50V,C_0402_1005Metric,236.982,-58.392,-90,top
C66,100n_50V,C_0402_1005Metric,236.982,-52.832,-90,top
C67,100n_50V,C_0402_1005Metric,282.194,-47.907,-90,top
D1,Red,LED_0603_1608Metric,129.3115,-52.705,180,top
D2,Yellow,LED_0805_2012Metric,132.08,-44.7625,-90,top
D27,SS34,D_SMA,424.9,-52.5,90,top
D196,Red,LED_0603_1608Metric,129.413,-43.18,0,top
F1,SMF30CA,D_SOD-123F,72.136,-35.814,-90,top
F2,2A,Fuse_154_OMNI_BLOK,68.072,-32.4,90,top
F3,LESD5D5.0CT1G,D_SOD-523,421.2,-46.1,90,top
F4,LESD5D5.0CT1G,D_SOD-523,421.2,-43.5,-90,top
F5,LESD5D5.0CT1G,D_SOD-523,421.3,-48.8,90,top
F6,LESD5D5.0CT1G,D_SOD-523,24.511,-29.972,-90,top
F7,LESD5D5.0CT1G,D_SOD-523,75.565,-29.529,-90,top
F8,LESD5D5.0CT1G,D_SOD-523,126.619,-28.702,-90,top
F9,LESD5D5.0CT1G,D_SOD-523,177.8,-29.2,-90,top
F10,LESD5D5.0CT1G,D_SOD-523,228.8,-29.5,-90,top
F11,LESD5D5.0CT1G,D_SOD-523,279.9,-29.5,-90,top
F12,LESD5D5.0CT1G,D_SOD-523,331,-29.5,-90,top
F13,LESD5D5.0CT1G,D_SOD-523,382.1,-29.4,-90,top
F14,LESD5D5.0CT1G,D_SOD-523,277.241,-48.071,90,top
J1,Conn_02x03_Odd_Even,PinSocket_2x03_P2.54mm_Vertical,330.36,-65.4,90,top
J2,Conn_02x04_Odd_Even,PinSocket_2x04_P2.54mm_Vertical,388.48,-68.2,-90,top
J3,Conn_02x05_Odd_Even,PinSocket_2x05_P2.54mm_Vertical,256.34,-39.86,90,top
JP1,Jumper_2_Open,PinHeader_1x02_P2.54mm_Vertical,417.4,-51.9,0,top
L1,15uH@4.5A,Power_Inductor_SMDRI127,114.554,-47.879,90,top
Q1,AO3400A,SOT-23,340.6375,-59.95,0,top
Q2,SS8050,SOT-23,407.2625,-46.05,180,top
Q3,SS8050,SOT-23,407.2625,-42.55,180,top
Q4,2N7002T-7-F,SOT-523,419.3,-46.045,90,top
Q5,2N7002T-7-F,SOT-523,419.3,-43.655,-90,top
Q6,AO3400A,SOT-23,72.9085,-24.532,180,top
Q7,AO3401A,SOT-23,69.05,-24.7375,-90,top
Q8,AO3400A,SOT-23,62.103,-29.083,180,top
Q9,AO3401A,SOT-23,58.359,-28.8775,-90,top
Q10,AO3400A,SOT-23,124.244,-24.5,180,top
Q11,AO3401A,SOT-23,120.4165,-25.3105,-90,top
Q12,AO3400A,SOT-23,102.809,-34.1145,-90,top
Q13,AO3401A,SOT-23,102.4405,-37.846,0,top
Q14,AO3400A,SOT-23,175.2625,-24.76,180,top
Q15,AO3401A,SOT-23,171.3625,-25.86,180,top
Q16,AO3400A,SOT-23,153.85,-34.0375,-90,top
Q17,AO3401A,SOT-23,153.6875,-37.75,0,top
Q18,AO3400A,SOT-23,223.2,-35.1125,180,top
Q19,AO3401A,SOT-23,219.2375,-34.1,180,top
Q20,AO3400A,SOT-23,215.3125,-28.55,180,top
Q21,AO3401A,SOT-23,211.6,-29.0125,-90,top
Q22,AO3400A,SOT-23,274.2875,-34.975,180,top
Q23,AO3401A,SOT-23,270.3125,-34,180,top
Q24,AO3400A,SOT-23,266.7625,-28.75,180,top
Q25,AO3401A,SOT-23,263.05,-28.975,-90,top
Q26,AO3400A,SOT-23,325.3625,-35.65,180,top
Q27,AO3401A,SOT-23,321.4375,-34.7,180,top
Q28,AO3400A,SOT-23,317.8625,-28.75,180,top
Q29,AO3401A,SOT-23,314.1,-28.9375,-90,top
Q30,AO3400A,SOT-23,381.1,-23.6625,-90,top
Q31,AO3401A,SOT-23,377.9,-27.6625,-90,top
Q32,AO3400A,SOT-23,371.7,-29.1,-90,top
Q33,AO3401A,SOT-23,363.1,-28.3,180,top
Q34,AO3400A,SOT-23,426.64,-24.6375,-90,top
Q35,AO3401A,SOT-23,423.5,-33.1,180,top
Q36,AO3400A,SOT-23,419.9375,-28.85,180,top
Q37,AO3401A,SOT-23,416.2,-28.9625,-90,top
Q38,AO3400A,SOT-23,206.7625,-39.65,180,top
Q39,AO3401A,SOT-23,205.1,-43.3625,-90,top
R2,1K,R_0402_1005Metric,357.759,-42.67,-90,top
R4,4K7,R_0603_1608Metric,128.524,-50.356,-90,top
R5,4K7,R_0603_1608Metric,133.858,-45.72,90,top
R6,27K,R_0603_1608Metric,105.029,-51.308,-90,top
R7,100K,R_0402_1005Metric,106.934,-51.308,180,top
R8,330K,R_0603_1608Metric,103.505,-51.308,-90,top
R9,100K,R_0402_1005Metric,100.1,-50.3,180,top
R10,100,R_0402_1005Metric,338.8,-57.7,0,top
R11,10K,R_0402_1005Metric,338.1,-59.5,-90,top
R12,10K,R_0603_1608Metric,341,-62.4,180,top
R13,120,R_0402_1005Metric,72.9,-46.49,-90,top
R14,120,R_0402_1005Metric,74,-48.75,-90,top
R15,120,R_0402_1005Metric,74,-46.49,-90,top
R16,120,R_0402_1005Metric,72.9,-48.75,-90,top
R31,10K,R_0402_1005Metric,408.3,-40.3,180,top
R32,10K,R_0402_1005Metric,409.8,-44.1,-90,top
R38,1K,R_0402_1005Metric,378.99,-42.1,0,top
R39,10K,R_0402_1005Metric,419.3,-48.8,0,top
R41,10K,R_0402_1005Metric,310.3,-50.6,-90,top
R42,10K,R_0402_1005Metric,378.57,-53.19,90,top
R43,2K7,R_0603_1608Metric,357.6,-50.025,90,top
R44,2K7,R_0603_1608Metric,357.6,-53.1,-90,top
R45,10K,R_0402_1005Metric,294.4,-63.8,0,top
R46,22,R_0603_1608Metric,357.6,-38.6,90,top
R47,100,R_0402_1005Metric,72.6265,-26.875,0,top
R48,10K,R_0402_1005Metric,74.6265,-26.875,0,top
R49,10K,R_0402_1005Metric,72.606,-21.738,-90,top
R52,10K,R_0402_1005Metric,57.783,-26.416,0,top
R53,100,R_0402_1005Metric,124.1,-26.8,0,top
R54,10K,R_0402_1005Metric,126.7055,-24.119,90,top
R55,10K,R_0402_1005Metric,123.8375,-21.735,-90,top
R56,100,R_0402_1005Metric,103.632,-30.101,-90,top
R57,10K,R_0402_1005Metric,103.249,-31.623,180,top
R58,10K,R_0402_1005Metric,101,-31.2,-90,top
R59,10K,R_0402_1005Metric,23.241,-32.26,90,top
R60,100K,R_0402_1005Metric,22.733,-30.734,0,top
R61,100,R_0402_1005Metric,175.2,-27,0,top
R62,10K,R_0402_1005Metric,177.8,-24.31,90,top
R63,10K,R_0402_1005Metric,174.6,-22.02,-90,top
R64,100,R_0402_1005Metric,154.9,-29.99,-90,top
R65,10K,R_0402_1005Metric,154.41,-31.5,180,top
R66,10K,R_0402_1005Metric,152.6,-31.11,-90,top
R67,100,R_0402_1005Metric,226.75,-36.55,90,top
R68,10K,R_0402_1005Metric,225.7,-35.525,90,top
R69,10K,R_0402_1005Metric,222.215,-32.825,0,top
R70,100,R_0402_1005Metric,217.8,-30.1,90,top
R71,10K,R_0402_1005Metric,217.8,-28.09,90,top
R72,10K,R_0402_1005Metric,212.06,-26.5,0,top
R73,100,R_0402_1005Metric,277.825,-36.45,90,top
R74,10K,R_0402_1005Metric,276.775,-35.425,90,top
R75,10K,R_0402_1005Metric,273.3,-32.725,0,top
R76,100,R_0402_1005Metric,270.725,-28.8,180,top
R77,10K,R_0402_1005Metric,269.25,-28.31,90,top
R78,10K,R_0402_1005Metric,263.475,-26.5,0,top
R79,100,R_0402_1005Metric,329,-37.19,90,top
R80,10K,R_0402_1005Metric,327.9,-36.11,90,top
R81,10K,R_0402_1005Metric,324.39,-33.4,0,top
R82,100,R_0402_1005Metric,321.89,-28.9,180,top
R83,10K,R_0402_1005Metric,320.4,-28.39,90,top
R84,10K,R_0402_1005Metric,314.11,-26.4,0,top
R85,100,R_0402_1005Metric,381.6,-26.2,0,top
R86,10K,R_0402_1005Metric,383.89,-22.8,0,top
R87,10K,R_0402_1005Metric,378.8,-24.7,90,top
R88,100,R_0402_1005Metric,375.2,-28.8,90,top
R89,10K,R_0402_1005Metric,374.1,-27.79,90,top
R90,10K,R_0402_1005Metric,374,-29.8,-90,top
R91,100,R_0402_1005Metric,427.4,-21.61,-90,top
R92,10K,R_0402_1005Metric,425.88,-22.1,180,top
R93,10K,R_0402_1005Metric,426.4,-27.1,0,top
R94,100,R_0402_1005Metric,422.4,-30.39,90,top
R95,10K,R_0402_1005Metric,422.4,-28.41,90,top
R96,10K,R_0402_1005Metric,416,-26.5,0,top
R97,10K,R_0402_1005Metric,73.279,-29.593,90,top
R98,100K,R_0402_1005Metric,74.295,-30.734,90,top
R99,10K,R_0402_1005Metric,125.222,-28.323,-90,top
R100,100K,R_0402_1005Metric,126.492,-30.99,90,top
R101,10K,R_0402_1005Metric,176.5,-28.5,-90,top
R102,100K,R_0402_1005Metric,177.6,-31.51,90,top
R103,10K,R_0402_1005Metric,226.025,-30.275,0,top
R104,100K,R_0402_1005Metric,227.525,-30.74,90,top
R105,10K,R_0402_1005Metric,277.11,-30.3,0,top
R106,100K,R_0402_1005Metric,278.6,-30.8,90,top
R107,100,R_0402_1005Metric,210.8,-39.8,180,top
R108,10K,R_0402_1005Metric,209.3,-39.3,90,top
R109,10K,R_0402_1005Metric,204.3,-40.4,90,top
R112,100K,R_0402_1005Metric,210.8,-38.8,0,top
R113,10K,R_0402_1005Metric,328.21,-30.2,0,top
R114,100K,R_0402_1005Metric,329.7,-30.69,90,top
R119,10K,R_0402_1005Metric,379.8,-30.7,90,top
R120,100K,R_0402_1005Metric,380.8,-29.61,-90,top
R201,10K,R_0402_1005Metric,310.285,-54.436,-90,top
R202,10K,R_0402_1005Metric,293.21,-61.976,90,top
R203,10K,R_0402_1005Metric,162.5,-61.9,-90,top
R205,4K7,R_0603_1608Metric,129.349,-41.656,0,top
R208,10K,R_0402_1005Metric,280.67,-47.371,180,top
R209,100K,R_0402_1005Metric,279.019,-46.863,-90,top
S1,DSWB02LHGET,DSWB02LHGET,80,-48,0,top
S2,TS-1187A-B-A-B,SW_TS-1187,373.8375,-34.1,0,top
S3,TS-1187A-B-A-B,SW_TS-1187,381.9,-47.175,0,top
S4,KSS321G,Switch_KSS_Side_Actuated,27.4,-27.5,90,top
S5,KSS321G,Switch_KSS_Side_Actuated,78.49,-27.5,90,top
S6,KSS321G,Switch_KSS_Side_Actuated,129.58,-27.5,90,top
S7,KSS321G,Switch_KSS_Side_Actuated,180.67,-27.5,90,top
S8,KSS321G,Switch_KSS_Side_Actuated,231.76,-27.5,90,top
S9,KSS321G,Switch_KSS_Side_Actuated,282.85,-27.5,90,top
S10,KSS321G,Switch_KSS_Side_Actuated,333.94,-27.5,90,top
S11,KSS321G,Switch_KSS_Side_Actuated,385.03,-27.5,90,top
U2,AMS1117-3.3,SOT-223-3_TabPin2,134.747,-51.816,-90,top
U3,LMR33630,Texas_R-PDSO-G8_EP2.95x4.9mm_Mask2.4x3.1mm_ThermalVias,102.093,-46.99,0,top
U4,SN65HVD230,SOIC-8_3.9x4.9mm_P1.27mm,346.4,-58.9,180,top
U6,ESP32-WROOM-32E-N8,ESP32-WROOM-32E,368.25,-50.65,180,top
U8,"PCA9535PW,118",TSSOP-24_4.4x7.8mm_P0.65mm,314.975,-52.0625,90,top
U9,"PCA9535PW,118",TSSOP-24_4.4x7.8mm_P0.65mm,297.9,-59.0125,90,top
U10,"PCA9535PW,118",TSSOP-24_4.4x7.8mm_P0.65mm,167.275,-59.5375,90,top
U12,SN75176BDR,SOIC-8_3.9x4.9mm_P1.27mm,241.325,-61.595,180,top
U13,SN75176BDR,SOIC-8_3.9x4.9mm_P1.27mm,241.325,-55.995,180,top
U14,SN75176BDR,SOIC-8_3.9x4.9mm_P1.27mm,241.3,-50.4,180,top
X1,Conn_01x04_2.5mm_JST_S04B-XASK-1,JST_XA_S04B-XASK-1_1x04_P2.50mm_Horizontal,70,-41.25,-90,top
X2,Conn_01x02_2.5mm_JST_S02B-XASS-1N-BN,JST_XA_S02B-XASK-1N-BN_1x02_P2.50mm_Horizontal,274.4,-47.6,-90,top
X3,Conn_01x08_2.5mm_JST_S04B-XASK-1,JST_XA_S08B-XASK-1_1x08_P2.50mm_Horizontal,223,-46.5,-90,top
X4,Conn_01x03_3.0mm_Molex_Micro_Fit,Molex_Micro-Fit_3.0_43650-0315_1x03_P3.00mm_Vertical,54,-34,0,top
X5,Conn_01x03_3.0mm_Molex_Micro_Fit,Molex_Micro-Fit_3.0_43650-0315_1x03_P3.00mm_Vertical,108.458,-31.496,-90,top
X6,Conn_01x03_3.0mm_Molex_Micro_Fit,Molex_Micro-Fit_3.0_43650-0315_1x03_P3.00mm_Vertical,159.59,-31.5,-90,top
X7,Conn_01x03_3.0mm_Molex_Micro_Fit,Molex_Micro-Fit_3.0_43650-0315_1x03_P3.00mm_Vertical,207.27,-34,0,top
X8,Conn_01x03_3.0mm_Molex_Micro_Fit,Molex_Micro-Fit_3.0_43650-0315_1x03_P3.00mm_Vertical,258.36,-34,0,top
X9,Conn_01x03_3.0mm_Molex_Micro_Fit,Molex_Micro-Fit_3.0_43650-0315_1x03_P3.00mm_Vertical,309.45,-34,0,top
X10,Conn_01x03_3.0mm_Molex_Micro_Fit,Molex_Micro-Fit_3.0_43650-0315_1x03_P3.00mm_Vertical,359.8,-33.1,0,top
X11,Conn_01x03_3.0mm_Molex_Micro_Fit,Molex_Micro-Fit_3.0_43650-0315_1x03_P3.00mm_Vertical,411.63,-34,0,top
X12,Conn_01x04_2.5mm_JST_S04B-XASK-1,JST_XA_S04B-XASK-1_1x04_P2.50mm_Horizontal,70,-55,-90,top
X13,Conn_01x03_2.5mm_JST_S04B-XASK-1,JST_XA_S03B-XASK-1_1x03_P2.50mm_Horizontal,173,-45,-90,top
X14,USB-Micro,AMPHENOL_USB_Micro_10118194-0001LF,425.75,-44.525,90,top
